{
    "DummyClassifier": {
        "accuracy": 0.6766666666666666,
        "f1": 0.0,
        "roc_auc": 0.5
    },
    "LogisticRegression": {
        "accuracy": 0.8296666666666667,
        "f1": 0.7146845337800112,
        "roc_auc": 0.8789091463104972
    },
    "DecisionTree": {
        "accuracy": 0.8683333333333333,
        "f1": 0.7749287749287749,
        "roc_auc": 0.9053321314306028
    },
    "RandomForest": {
        "accuracy": 0.9333333333333333,
        "f1": 0.8918918918918919,
        "roc_auc": 0.9694588898481539
    },
    "GradientBoosting": {
        "accuracy": 0.94,
        "f1": 0.9044585987261147,
        "roc_auc": 0.9754674724493423
    }
}